subjects-number,certain-loss-influence,certain-loss-guilt,certain-win-influence,certain-win-pride,need2-influence,need2-guilt,need2-pride,need4-influence,need4-guilt,need4-pride,need6-influence,need6-guilt,need6-pride,group
sub01,0,0,0,0,6,6,6,5,6,6,6,6,6,social
sub02,0,0,0,0,5,6,3,6,5,3,6,3,5,social
sub03,0,3,0,2,6,3,6,6,3,5,6,1,6,social
sub04,0,4,3,3,3,5,3,5,4,5,6,3,6,social
sub05,1,5,1,3,3,5,5,4,5,5,3,5,5,social
sub06,0,0,1,1,6,6,3,6,6,4,6,6,5,social
sub07,0,3,6,6,6,6,4,6,6,6,6,4,6,social
sub08,0,0,0,1,6,6,5,5,5,3,6,3,5,social
sub09,3,2,2,3,4,2,4,4,3,4,4,2,6,social
sub10,0,1,0,2,3,4,5,6,6,6,6,6,6,social
sub11,0,4,1,4,4,4,4,4,4,4,4,3,4,social
sub12,4,5,2,3,5,5,5,4,4,5,6,3,6,social
sub13,4,5,0,3,4,6,6,4,6,4,6,6,3,social
sub14,4,5,0,1,6,6,6,5,5,6,3,4,6,social
sub15,3,3,0,3,6,6,2,4,4,4,5,5,4,social
sub16,0,0,0,0,6,6,3,6,6,4,6,6,6,social
sub17,5,6,4,6,4,6,4,5,7,4,4,6,4,social
sub18,2,2,3,3,7,7,6,7,7,6,7,5,7,social
sub19,5,4,7,4,7,6,6,5,6,6,6,6,6,social
sub20,7,3,2,6,7,6,7,7,7,7,7,2,7,social
sub21,1,4,2,1,5,7,2,7,4,3,7,7,7,social
sub22,1,1,1,1,2,7,2,7,5,7,7,7,7,social
sub23,1,3,1,1,6,6,5,5,6,6,7,7,7,social
sub24,2,4,3,3,6,6,4,6,5,4,7,6,6,social
sub01,0,0,0,1,4,1,3,5,2,5,6,1,5,nonsocial
sub02,0,0,0,0,3,5,3,3,5,5,5,6,6,nonsocial
sub03,6,5,2,4,4,5,4,6,5,5,6,5,6,nonsocial
sub04,5,3,5,5,3,4,5,4,5,3,5,4,6,nonsocial
sub05,1,3,2,4,4,5,3,5,5,5,6,6,6,nonsocial
sub06,0,2,0,1,3,5,4,3,5,4,6,5,5,nonsocial
sub07,0,0,0,0,6,6,4,4,4,5,6,6,6,nonsocial
sub08,0,0,0,0,3,5,3,5,4,5,6,3,6,nonsocial
sub09,0,1,0,1,5,4,4,6,4,6,6,6,6,nonsocial
sub10,0,0,0,0,6,6,6,6,3,4,2,2,6,nonsocial
sub11,0,0,0,0,2,5,2,5,2,5,6,1,6,nonsocial
sub12,0,2,1,0,6,6,5,5,4,5,6,6,6,nonsocial
sub13,0,0,0,2,3,5,4,3,3,5,5,3,6,nonsocial
sub14,2,1,0,0,4,5,4,6,5,6,6,6,6,nonsocial
sub15,0,0,0,0,3,6,1,4,3,4,6,1,5,nonsocial
sub16,0,0,0,0,2,4,3,4,5,5,5,1,6,nonsocial
sub17,1,3,3,3,4,3,4,4,3,4,5,3,5,nonsocial
sub18,3,0,5,1,5,5,5,4,6,6,3,3,6,nonsocial
sub19,0,1,0,1,5,5,4,6,5,5,6,3,6,nonsocial
sub20,0,0,1,1,3,5,4,4,5,4,6,5,6,nonsocial
sub21,0,0,0,0,2,2,2,4,3,3,6,5,4,nonsocial
sub22,0,0,0,0,3,2,3,4,3,4,6,3,6,nonsocial
sub23,0,1,1,1,5,4,3,4,5,4,3,4,5,nonsocial
sub24,0,3,0,4,3,4,5,3,5,6,4,5,6,nonsocial
sub25,0,0,0,3,6,5,2,6,3,3,6,1,6,nonsocial
